Run,Accuracy,MCC,AUROC,AUPRC
1,0.6295133437990581,0.16123654213286034,0.6523021044760176,0.7657049597649719
2,0.6263736263736264,0.15249849242330718,0.6452622583057366,0.7618820111412453
