Run,Accuracy,MCC,AUROC,AUPRC
1,0.6593406593406593,0.24341994465911085,0.6799380408076061,0.7805190166414646
2,0.6718995290423861,0.2560407828995163,0.6690310864223908,0.7848941738714161
