Run,Accuracy,MCC,AUROC,AUPRC
1,0.6499215070643642,0.21694788578879165,0.7016985364811451,0.8018362623019404
2,0.6781789638932496,0.278458637442204,0.7123384253819036,0.8158635118699455
