Run,Accuracy,MCC,AUROC,AUPRC
1,0.6279434850863422,0.1509029678325484,0.6218085674607414,0.7419424442393117
2,0.6200941915227629,0.1238921650183331,0.5973827582523235,0.7219055757959274
