Run,Accuracy,MCC,AUROC,AUPRC
1,0.8288854003139717,0.6207534510187558,0.9036107253498558,0.9406534860317606
2,0.8273155416012559,0.6170821524975403,0.9074244204678987,0.9468542747108506
3,0.8273155416012559,0.6174367394425957,0.9028255528255529,0.9418735446618525
