Run,Accuracy,MCC,AUROC,AUPRC
1,0.8021978021978022,0.5855698461983434,0.9312787095395791,0.9582805722503875
2,0.792778649921507,0.5514667073496765,0.9178079265035787,0.9527099137180859
3,0.7613814756671899,0.4969065071472684,0.9412028629419934,0.9659227285270048
