Run,Accuracy,MCC,AUROC,AUPRC
1,0.6467817896389325,0.19901080871361915,0.6825552825552825,0.7884448386379544
2,0.6656200941915228,0.24383729540218854,0.6969020403803013,0.7966969265849646
3,0.6546310832025117,0.2217013175235287,0.6939963679094113,0.7911606307259084
