Run,Accuracy,MCC,AUROC,AUPRC
1,0.7974882260596546,0.564894178148548,0.9310223266745006,0.9619895775579492
2,0.8021978021978022,0.5740126662293057,0.9231065057152015,0.9589200908649681
3,0.8226059654631083,0.6178615219991442,0.9346650998824912,0.9651813808224236
